index,en_date,en_title,en_link_1,en_desc_1,en_link_2,en_desc_2,en_link_3,en_desc_3,tc_date,tc_title,tc_link_1,tc_desc_1,tc_link_2,tc_desc_2,sc_date,sc_title,sc_link_1,sc_desc_1,sc_link_2,sc_desc_2
81,April 2011,Enforcement against Unauthorised Building Works in New Territories Exempted Houses,https://web.archive.org/web/20190717143444/http://ofomb.ombudsman.hk/abc/files/DI203.pdf,Report (PDF),https://web.archive.org/web/20110522081015/http://www.ombudsman.gov.hk/concluded/2011_04_01.pdf,Summary (PDF),,,2011年4月,政府當局對新界豁免管制屋宇的違例建築工程所採取的執法行動,https://web.archive.org/web/20110522142332/http://www.ombudsman.gov.hk/tc/concluded/2011_04_01.pdf,摘要 (PDF),,,2011年4月,政府当局对新界豁免管制屋宇的违例建筑工程所采取的执法行动,https://web.archive.org/web/20110522051459/http://www.ombudsman.gov.hk/sc/concluded/2011_04_01.pdf,摘要 (PDF),,
80,December 2010,Transport Department Actions for Safe Operation of Public Light Buses,https://web.archive.org/web/20190717144832/http://ofomb.ombudsman.hk/abc/files/DI206.pdf,Report (PDF),https://web.archive.org/web/20110522081033/http://www.ombudsman.gov.hk/concluded/2010_12_02.doc,Summary (Word),,,2010年12月,運輸署如何改善公共小巴的營運安全,https://web.archive.org/web/20110522141240/http://www.ombudsman.gov.hk/tc/concluded/2010_12_02.doc,摘要 (Word),,,2010年12月,运输署如何改善公共小巴的营运安全,https://web.archive.org/web/20110522051926/http://www.ombudsman.gov.hk/sc/concluded/2010_12_02.doc,摘要 (Word),,
79,December 2010,Management of Non-Emergency Ambulance Transfer Service by Hospital Authority,https://web.archive.org/web/20190717145016/http://ofomb.ombudsman.hk/abc/files/DI194.pdf,Report (PDF),http://www.ombudsman.gov.hk/concluded/2010_12_01.doc,Summary (Word),,,2010年12月,醫院管理局非緊急救護車載送服務的管理,https://web.archive.org/web/20110522141939/http://www.ombudsman.gov.hk/tc/concluded/2010_12_01.doc,摘要 (Word),,,2010年12月,医院管理局非紧急救护车载送服务的管理,https://web.archive.org/web/20110522051809/http://www.ombudsman.gov.hk/sc/concluded/2010_12_01.doc,摘要 (Word),,
78,September 2010,Allocation and Monitoring of Government Land,https://web.archive.org/web/20190717145119/http://ofomb.ombudsman.hk/abc/files/DI184.pdf,Report (PDF),http://www.ombudsman.gov.hk/concluded/2010_09_02.doc,Summary (Word),,,2010年9月,政府土地的撥出及監管,https://web.archive.org/web/20110522141701/http://www.ombudsman.gov.hk/tc/concluded/2010_09_02.doc,摘要 (Word),,,2010年9月,政府土地的拨出及监管,https://web.archive.org/web/20110522052009/http://www.ombudsman.gov.hk/sc/concluded/2010_09_02.doc,摘要 (Word),,
77,September 2010,Driving-offence Points System,https://web.archive.org/web/20190717143832/http://ofomb.ombudsman.hk/abc/files/DI183.pdf,Report (PDF),http://www.ombudsman.gov.hk/concluded/2010_09_01.doc,Summary (Word),,,2010年9月,違例駕駛記分制度,https://web.archive.org/web/20110522141606/http://www.ombudsman.gov.hk/tc/concluded/2010_09_01.doc,摘要 (Word),,,2010年9月,违例驾驶记分制度,https://web.archive.org/web/20110522051737/http://www.ombudsman.gov.hk/sc/concluded/2010_09_01.doc,摘要 (Word),,
76,May 2010,Fire Safety Regulatory Measures,https://web.archive.org/web/20190717145011/http://ofomb.ombudsman.hk/abc/files/DI190.pdf,Report (PDF),http://www.ombudsman.gov.hk/concluded/2010_05_01.doc,Summary (Word),,,2010年5月,消防安全規管措施,https://web.archive.org/web/20110522141551/http://www.ombudsman.gov.hk/tc/concluded/2010_05_01.doc,摘要 (Word),,,2010年5月,消防安全规管措施,https://web.archive.org/web/20110522051609/http://www.ombudsman.gov.hk/sc/concluded/2010_05_01.doc,摘要 (Word),,
75,January 2010,Checking of Eligibility for Subsidised Medical Services,https://web.archive.org/web/20190717142711/http://ofomb.ombudsman.hk/abc/files/DI170.pdf,Report (PDF),http://www.ombudsman.gov.hk/concluded/2010_01_02.doc,Summary (Word),,,2010年1月,當局如何核實使用政府資助的醫療服務的資格,https://web.archive.org/web/20110522141429/http://www.ombudsman.gov.hk/tc/concluded/2010_01_02.doc,摘要 (Word),,,2010年1月,当局如何核实使用政府资助的医疗服务的资格,https://web.archive.org/web/20110522051331/http://www.ombudsman.gov.hk/sc/concluded/2010_01_02.doc,摘要 (Word),,
74,January 2010,Effectiveness of Administration of Code on Access to Information,https://web.archive.org/web/20190717055130/http://ofomb.ombudsman.hk/abc/files/DI189.pdf,Report (PDF),http://www.ombudsman.gov.hk/concluded/2010_01_01.doc,Summary (Word),,,2010年1月,政府推行《公開資料守則》的成效,https://web.archive.org/web/20110522141754/http://www.ombudsman.gov.hk/tc/concluded/2010_01_01.doc,摘要 (Word),,,2010年1月,政府推行《公开资料守则》的成效,https://web.archive.org/web/20110522051635/http://www.ombudsman.gov.hk/sc/concluded/2010_01_01.doc,摘要 (Word),,
73,October 2009,Granting of Disability Allowance and Processing of Appeals by Social Welfare Department,http://ofomb.ombudsman.gov.hk/doc/Disability%20Allowance%20report%20-f.pdf,Report (PDF),http://www.ombudsman.gov.hk/concluded/2009_10_01.doc,Summary (Word),,,2009年10月,社會福利署如何審批傷殘津貼及處理上訴個案,https://web.archive.org/web/20110522142109/http://www.ombudsman.gov.hk/tc/concluded/2009_10_01.doc,摘要 (Word),,,2009年10月,社会福利署如何审批伤残津贴及处理上诉个案,https://web.archive.org/web/20110522051414/http://www.ombudsman.gov.hk/sc/concluded/2009_10_01.doc,摘要 (Word),,
72,August 2009,Regulatory System of Lifts,https://web.archive.org/web/20190717143648/http://ofomb.ombudsman.hk/abc/files/f2009_08_01.pdf,Report (PDF),http://www.ombudsman.gov.hk/concluded/2009_08_01.doc,Summary (Word),,,2009年8月,升降機安全的規管制度,https://web.archive.org/web/20110522141322/http://www.ombudsman.gov.hk/tc/concluded/2009_08_01.doc,摘要 (Word),,,2009年8月,电梯安全的规管制度,https://web.archive.org/web/20110522052016/http://www.ombudsman.gov.hk/sc/concluded/2009_08_01.doc,摘要 (Word),,
71,August 2009,Housing Department's Handling of Complaints Involving Claims,https://web.archive.org/web/20201120190522/https://ofomb.ombudsman.hk/abc/files/f2009_08_02.pdf,Report (PDF),http://www.ombudsman.gov.hk/concluded/2009_08_02.doc,Summary (Word),,,2009年8月,房屋署如何處理涉及索償的投訴,https://web.archive.org/web/20110522141204/http://www.ombudsman.gov.hk/tc/concluded/2009_08_02.doc,摘要 (Word),,,2009年8月,房屋署如何处理涉及索偿的投诉,https://web.archive.org/web/20110522052036/http://www.ombudsman.gov.hk/sc/concluded/2009_08_02.doc,摘要 (Word),,
70,June 2009,System for Development of Question Papers in Public Examinations,https://web.archive.org/web/20201120084506/https://ofomb.ombudsman.hk/abc/files/f2009_06_01.pdf,Report (PDF),http://www.ombudsman.gov.hk/concluded/2009_06_01.doc,Summary (Word),,,2009年6月,公開考試試卷的編製,https://web.archive.org/web/20110522142054/http://www.ombudsman.gov.hk/tc/concluded/2009_06_01.doc,摘要 (Word),,,2009年6月,公开考试试卷的编制,https://web.archive.org/web/20110522051954/http://www.ombudsman.gov.hk/sc/concluded/2009_06_01.doc,摘要 (Word),,
68,March 2009,Support Services for Students with Specific Learning Difficulties,https://web.archive.org/web/20201120130852/https://ofomb.ombudsman.hk/abc/files/3-2009-1.pdf,Report (PDF),http://www.ombudsman.gov.hk/concluded/2009_03_01.doc,Summary (Word),,,2009年3月,政府當局為有特殊學習困難的學生所提供的支援服務,https://web.archive.org/web/20110522141507/http://www.ombudsman.gov.hk/tc/concluded/2009_03_01.doc,摘要 (Word),,,2009年3月,政府当局为有特殊学习困难的学生所提供的支持服务,https://web.archive.org/web/20110522051744/http://www.ombudsman.gov.hk/sc/concluded/2009_03_01.doc,摘要 (Word),,
69,March 2009,Free Admission Scheme for Leisure Facilities from July to September 2008,https://web.archive.org/web/20201120145630/https://ofomb.ombudsman.hk/abc/files/3-2009-2.pdf,Report (PDF),http://www.ombudsman.gov.hk/concluded/2009_03_02.doc,Summary (Word),,,2009年3月,二零零八年七月至九月期間推行的 「免費使用康樂設施計劃」的安排,https://web.archive.org/web/20090419234217/http://www.ombudsman.gov.hk/tc/concluded/2009_03_02.doc,摘要 (Word),,,2009年3月,二零零八年七月至九月期间推行的 「免费使用康乐设施计划」的安排,https://web.archive.org/web/20110522051802/http://www.ombudsman.gov.hk/sc/concluded/2009_03_02.doc,摘要 (Word),,
67,December 2008,Government's Measures for Street Management,https://web.archive.org/web/20201120182833/https://ofomb.ombudsman.hk/abc/files/12-2008-1.pdf,Report (PDF),http://www.ombudsman.gov.hk/concluded/2008_12_01.doc,Summary (Word),,,2008年12月,政府當局的街道管理措施,https://web.archive.org/web/20110522142424/http://www.ombudsman.gov.hk/tc/concluded/2008_12_01.doc,摘要 (Word),,,2008年12月,政府当局的街道管理措施,https://web.archive.org/web/20110522051657/http://www.ombudsman.gov.hk/sc/concluded/2008_12_01.doc,摘要 (Word),,
66,December 2008,Control of Roadside Banners,https://web.archive.org/web/20201118150201/https://ofomb.ombudsman.hk/abc/files/12-2008-2.pdf,Report (PDF),http://www.ombudsman.gov.hk/concluded/2008_12_02.doc,Summary (Word),,,2008年12月,政府當局對路旁宣傳橫額的規管,https://web.archive.org/web/20110522141215/http://www.ombudsman.gov.hk/tc/concluded/2008_12_02.doc,摘要 (Word),,,2008年12月,政府当局对路旁宣传横额的规管,https://web.archive.org/web/20110522051345/http://www.ombudsman.gov.hk/sc/concluded/2008_12_02.doc,摘要 (Word),,
65,December 2008,Prevention of Abuse of Special Grants under the CSSA Scheme,https://web.archive.org/web/20201120114921/https://ofomb.ombudsman.hk/abc/files/12-2008-3.pdf,Report (PDF),http://www.ombudsman.gov.hk/concluded/2008_12_03.doc,Summary (Word),,,2008年12月,防止綜援計劃特別津貼遭濫用的機制,https://web.archive.org/web/20110522141449/http://www.ombudsman.gov.hk/tc/concluded/2008_12_03.doc,摘要 (Word),,,2008年12月,防止综援计划特别津贴遭滥用的机制,https://web.archive.org/web/20110522051400/http://www.ombudsman.gov.hk/sc/concluded/2008_12_03.doc,摘要 (Word),,
64,June 2008,Effectiveness of the Integrated Call Centre in Handling Complaints,https://web.archive.org/web/20201120002534/https://ofomb.ombudsman.hk/abc/files/6-2008-1.pdf,Report (PDF),http://www.ombudsman.gov.hk/concluded/2008_06_01.doc,Summary (Word),,,2008年6月,綜合電話查詢中心處理投訴的成效,https://web.archive.org/web/20110522141855/http://www.ombudsman.gov.hk/tc/concluded/2008_06_01.doc,摘要 (Word),,,2008年6月,综合电话搜索中心处理投诉的成效,https://web.archive.org/web/20110522051548/http://www.ombudsman.gov.hk/sc/concluded/2008_06_01.doc,摘要 (Word),,
63,April 2008,"Handling of Water Seepage Complaints by the Food and Environmental Hygiene Department, Buildings Department and Water Supplies Department",https://web.archive.org/web/20201119091641/https://ofomb.ombudsman.hk/abc/files/3-2008-2.pdf,Report (PDF),http://www.ombudsman.gov.hk/concluded/2008_04_01.doc,Summary (Word),,,2008年4月,食物環境衛生署、屋宇署及水務署處理滲水投訴,https://web.archive.org/web/20110522142207/http://www.ombudsman.gov.hk/tc/concluded/2008_04_01.doc,摘要 (Word),,,2008年4月,食物环境卫生署、屋宇署及水务署处理渗水投诉,https://web.archive.org/web/20110522051839/http://www.ombudsman.gov.hk/sc/concluded/2008_04_01.doc,摘要 (Word),,
62,March 2008,Alleged Overcharging of Water Bills by the Water Supplies Department,https://web.archive.org/web/20201120002739/https://ofomb.ombudsman.hk/abc/files/3-2008-1.pdf,Report (PDF),http://www.ombudsman.gov.hk/concluded/2008_03_01.doc,Summary (Word),,,2008年3月,水務署多收水費的指稱,https://web.archive.org/web/20110522141839/http://www.ombudsman.gov.hk/tc/concluded/2008_03_01.doc,摘要 (Word),,,2008年3月,水务署多收水费的指称,https://web.archive.org/web/20110522051816/http://www.ombudsman.gov.hk/sc/concluded/2008_03_01.doc,摘要 (Word),,
61,February 2008,Special Examination Arrangements for Students with SpLD by Education Bureau and Hong Kong Examinations and Assessment Authority,https://web.archive.org/web/20201120191016/https://ofomb.ombudsman.hk/abc/files/2-2008-1.pdf,Report (PDF),http://www.ombudsman.gov.hk/concluded/2008_02_01.doc,Summary (Word),,,2008年2月,教育局及香港考試及評核局為有特殊學習困難的學生提供考試的特別安排,https://web.archive.org/web/20110522141718/http://www.ombudsman.gov.hk/tc/concluded/2008_02_01.doc,摘要 (Word),,,2008年2月,教育局及香港考试及评核局为有特殊学习困难的学生提供考试的特别安排,https://web.archive.org/web/20110522051255/http://www.ombudsman.gov.hk/sc/concluded/2008_02_01.doc,摘要 (Word),,
60,November 2007,Mechanism for handling conflict of interests in organisations subvented by the Leisure and Cultural Services Department,https://web.archive.org/web/20190717143850/http://ofomb.ombudsman.hk/abc/files/11-2007-1.pdf,Report (PDF),,,,,2007年11月,康樂文化事務署處理受資助機構涉及利益衝突的機制,,,,,2007年11月,康乐文化事务署处理受资助机构涉及利益冲突的机制,,,,
59,April 2007,Assessment of Children with Specific Learning Difficulties,http://www.ombudsman.gov.hk/concluded/2007_04_01.doc,Summary (Word),,,,,2007年4月,有關政府當局為有特殊學習困難的兒童所提供的評估服務,https://web.archive.org/web/20090816032620/http://www.ombudsman.gov.hk/tc/concluded/2007_04_01.doc,摘要 (Word),,,2007年4月,有关政府当局为有特殊学习困难的儿童所提供的评估服务,https://web.archive.org/web/20110522051752/http://www.ombudsman.gov.hk/sc/concluded/2007_04_01.doc,摘要 (Word),,
58,March 2007,Monitoring of Cases with Statutory Time Limit for Prosecution by the Food and Environmental Hygiene Department,https://web.archive.org/web/20220307204006/https://ofomb.ombudsman.hk/abc/files/3-2007-1.pdf,Report (PDF),http://www.ombudsman.gov.hk/concluded/2007_03_01.doc,Summary (Word),,,2007年3月,食物環境衛生署監察有檢控時限的個案的情況,https://web.archive.org/web/20110522142453/http://www.ombudsman.gov.hk/tc/concluded/2007_03_01.doc,摘要 (Word),,,2007年3月,食物环境卫生署监察有检控时限的个案的情况,https://web.archive.org/web/20110522052029/http://www.ombudsman.gov.hk/sc/concluded/2007_03_01.doc,摘要 (Word),,
57,November 2006,System for Processing Applications for Disability Allowance by Social Welfare Department,https://web.archive.org/web/20220307204059/https://ofomb.ombudsman.hk/abc/files/11-2006-1.pdf,Report (PDF),http://www.ombudsman.gov.hk/concluded/2006_11_01.doc,Summary (Word),,,2006年11月,社會福利署審批傷殘津貼申請的制度,https://web.archive.org/web/20110522141825/http://www.ombudsman.gov.hk/tc/concluded/2006_11_01.doc,摘要 (Word),,,2006年11月,社会福利署审批伤残津贴申请的制度,https://web.archive.org/web/20110522051540/http://www.ombudsman.gov.hk/sc/concluded/2006_11_01.doc,摘要 (Word),,
56,September 2006,Administration of the Mid-Levels Moratorium,https://web.archive.org/web/20220307203957/https://ofomb.ombudsman.hk/abc/files/9-2006-1.pdf,Report (PDF),http://www.ombudsman.gov.hk/concluded/2006_09_01.doc,Summary (Word),,,2006年9月,政府當局執行「半山區發展限制」的情況,https://web.archive.org/web/20110522141536/http://www.ombudsman.gov.hk/tc/concluded/2006_09_01.doc,摘要 (Word),,,2006年9月,政府当局运行「半山区发展限制」的情况,https://web.archive.org/web/20110522051231/http://www.ombudsman.gov.hk/sc/concluded/2006_09_01.doc,摘要 (Word),,
55,April 2006,Medical Fee Waiver System Administered by the Hospital Authority and the Social Welfare Department,https://web.archive.org/web/20220307204011/https://ofomb.ombudsman.hk/abc/files/3-2006-1.pdf,Report (PDF),http://www.ombudsman.gov.hk/concluded/2006_04_01.doc,Summary (Word),,,2006年4月,醫院管理局及社會福利署實施的醫療收費減免機制,https://web.archive.org/web/20110522142006/http://www.ombudsman.gov.hk/tc/concluded/2006_04_01.doc,摘要 (Word),,,2006年4月,医院管理局及社会福利署实施的医疗收费减免机制,https://web.archive.org/web/20110522051451/http://www.ombudsman.gov.hk/sc/concluded/2006_04_01.doc,摘要 (Word),,
54,January 2006,Monitoring of Cases Assigned Out by Legal Aid Department,https://web.archive.org/web/20220307203946/https://ofomb.ombudsman.hk/abc/files/1-2006-1.pdf,Report (PDF),http://www.ombudsman.gov.hk/concluded/2006_01_01.doc,Summary (Word),,,2006年1月,法律援助署監察外判個案的情況,https://web.archive.org/web/20110522141133/http://www.ombudsman.gov.hk/tc/concluded/2006_01_01.doc,摘要 (Word),,,2006年1月,法律援助署监察外判个案的情况,https://web.archive.org/web/20110522051946/http://www.ombudsman.gov.hk/sc/concluded/2006_01_01.doc,摘要 (Word),,
53,September 2005,Monitoring of Property Services Agents by Housing Department,https://web.archive.org/web/20220307203958/https://ofomb.ombudsman.hk/abc/files/8-2005-1.pdf,Report (PDF),http://www.ombudsman.gov.hk/concluded/2005_09_01.doc,Summary (Word),,,2005年9月,房屋署監督物業管理服務公司的情況,https://web.archive.org/web/20110522142409/http://www.ombudsman.gov.hk/tc/concluded/2005_09_01.doc,摘要 (Word),,,2005年9月,房屋署监督物业管理服务公司的情况,https://web.archive.org/web/20110522051823/http://www.ombudsman.gov.hk/sc/concluded/2005_09_01.doc,摘要 (Word),,
52,April 2005,Letting of Market Stalls by Auction,https://web.archive.org/web/20220308011117/https://ofomb.ombudsman.hk/abc/files/4-2005-1.pdf,Report (PDF),http://www.ombudsman.gov.hk/concluded/2005_04_01.doc,Summary (Word),,,2005年4月,政府當局管理街市檔位競投的情況,https://web.archive.org/web/20110522141634/http://www.ombudsman.gov.hk/tc/concluded/2005_04_01.doc,摘要 (Word),,,2005年4月,政府当局管理菜市场档位竞投的情况,https://web.archive.org/web/20110522051444/http://www.ombudsman.gov.hk/sc/concluded/2005_04_01.doc,摘要 (Word),,
51,December 2004,Bloodworm Incidents in Public Swimming Pools,https://web.archive.org/web/20220307204013/https://ofomb.ombudsman.hk/abc/files/12-2004-1.pdf,Report (PDF),http://www.ombudsman.gov.hk/concluded/2004_12_01.doc,Summary (Word),,,2004年12月,公眾泳池發現紅蟲事件的直接調查,https://web.archive.org/web/20110522142127/http://www.ombudsman.gov.hk/tc/concluded/2004_12_01.doc,摘要 (Word),,,2004年12月,公众泳池发现红虫事件的直接调查,https://web.archive.org/web/20110522051627/http://www.ombudsman.gov.hk/sc/concluded/2004_12_01.doc,摘要 (Word),,
50,November 2004,Administration of Urn Grave Cemeteries,https://web.archive.org/web/20220307203943/https://ofomb.ombudsman.hk/abc/files/11-2004-1.pdf,Report (PDF),http://www.ombudsman.gov.hk/concluded/2004_11_01.doc,Summary (Word),,,2004年11月,金塔墳場的管理情況,https://web.archive.org/web/20110522141741/http://www.ombudsman.gov.hk/tc/concluded/2004_11_01.doc,摘要 (Word),,,2004年11月,金塔坟场的管理情况,https://web.archive.org/web/20110522051621/http://www.ombudsman.gov.hk/sc/concluded/2004_11_01.doc,摘要 (Word),,
49,August 2004,Enforcement Action on Unauthorised Building Works in New Territories Exempted Houses,https://web.archive.org/web/20190717145354/http://ofomb.ombudsman.hk/abc/files/8-2004-1.pdf,Report (PDF),http://www.ombudsman.gov.hk/concluded/2004_08_01.doc,Summary (Word),,,2004年8月,政府當局對新界豁免管制屋宇違例建築工程所採取的執法行動,https://web.archive.org/web/20110522142030/http://www.ombudsman.gov.hk/tc/concluded/2004_08_01.doc,摘要 (Word),,,2004年8月,政府当局对新界豁免管制屋宇违例建筑工程所采取的执法行动,https://web.archive.org/web/20110522051353/http://www.ombudsman.gov.hk/sc/concluded/2004_08_01.doc,摘要 (Word),,
48,June 2004,Enforcement of the Building Management Ordinance,https://web.archive.org/web/20220307204019/https://ofomb.ombudsman.hk/abc/files/6-2004-1.pdf,Report (PDF),https://web.archive.org/web/20040806140020/http://www.ombudsman.gov.hk/english/06_direct_investigation/doc_07/2004_06_01.doc,Summary (Word),,,2004年6月,政府當局就《建築物管理條例》所採取的執法行動,https://web.archive.org/web/20110522141810/http://www.ombudsman.gov.hk/tc/concluded/2004_06_01.doc,摘要 (Word),,,2004年6月,政府当局就《建筑物管理条例》所采取的执法行动,https://web.archive.org/web/20110522051934/http://www.ombudsman.gov.hk/sc/concluded/2004_06_01.doc,摘要 (Word),,
47,May 2004,2003 Priority Arrangements for Surplus Teachers in Aided Primary Schools,https://web.archive.org/web/20220307203944/https://ofomb.ombudsman.hk/abc/files/5-2004-1.pdf,Report (PDF),https://web.archive.org/web/20040806131245/http://www.ombudsman.gov.hk/english/06_direct_investigation/doc_07/2004_05_01.doc,Summary (Word),,,2004年5月,為資助小學超額教師所作的「二零零三年優先聘用安排」,https://web.archive.org/web/20110522141925/http://www.ombudsman.gov.hk/tc/concluded/2004_05_01.doc,摘要 (Word),,,2004年5月,为资助小学超额教师所作的「二零零三年优先聘用安排」,https://web.archive.org/web/20110522052022/http://www.ombudsman.gov.hk/sc/concluded/2004_05_01.doc,摘要 (Word),,
46,March 2004,Handling of Examination Scripts under Marking,https://web.archive.org/web/20220307203940/https://ofomb.ombudsman.hk/abc/files/4-2004-1.pdf,Report (PDF),https://web.archive.org/web/20040806124243/http://www.ombudsman.gov.hk/english/06_direct_investigation/doc_07/2004_04_01.doc,Summary (Word),,,2004年3月,香港考試及評核局如何妥善保管考試答卷,https://web.archive.org/web/20110522142524/http://www.ombudsman.gov.hk/tc/concluded/2004_03_01.doc,摘要 (Word),,,2004年3月,香港考试及评核局如何妥善保管考试答卷,https://web.archive.org/web/20110522051323/http://www.ombudsman.gov.hk/sc/concluded/2004_03_01.doc,摘要 (Word),,
45,December 2003,Prevention of Abuse of the Comprehensive Social Security Assistance Scheme,https://web.archive.org/web/20220307204018/https://ofomb.ombudsman.hk/abc/files/12-2003-1.pdf,Report (PDF),https://web.archive.org/web/20040806124505/http://www.ombudsman.gov.hk/english/06_direct_investigation/doc_07/2003_12_01.doc,Summary (Word),,,2003年12月,防止濫用綜合社會保障援助計劃的機制,https://web.archive.org/web/20110522141415/http://www.ombudsman.gov.hk/tc/concluded/2003_12_01.doc,摘要 (Word),,,2003年12月,防止滥用综合社会保障援助计划的机制,https://web.archive.org/web/20110522051711/http://www.ombudsman.gov.hk/sc/concluded/2003_12_01.doc,摘要 (Word),,
44,November 2003,Assistance Provided by Home Affairs Department to Owners and Owners' Corporations in Managing and Maintaining their Buildings,https://web.archive.org/web/20040107143240/http://www.ombudsman.gov.hk/english/06_direct_investigation/doc_07/2003_11_01.doc,Summary (Word),,,,,2003年11月,民政事務總署在大廈管理及維修方面為業主和業主立案法團提供的協助,https://web.archive.org/web/20110522142510/http://www.ombudsman.gov.hk/tc/concluded/2003_11_01.doc,摘要 (Word),,,2003年11月,民政事务总署在大厦管理及维修方面为业主和业主立案法团提供的协助,https://web.archive.org/web/20110522051316/http://www.ombudsman.gov.hk/sc/concluded/2003_11_01.doc,摘要 (Word),,
43,July 2003,Operation of the Integrated Call Centre,https://web.archive.org/web/20220307204028/https://ofomb.ombudsman.hk/abc/files/7-2003-1.pdf,Report (PDF),https://web.archive.org/web/20040806134255/http://www.ombudsman.gov.hk/english/06_direct_investigation/doc_07/2003_07_01.doc,Summary (Word),,,2003年7月,綜合電話查詢中心的運作,https://web.archive.org/web/20110522141953/http://www.ombudsman.gov.hk/tc/concluded/2003_07_01.doc,摘要 (Word),,,2003年7月,综合电话搜索中心的运作,https://web.archive.org/web/20110522051919/http://www.ombudsman.gov.hk/sc/concluded/2003_07_01.doc,摘要 (Word),,
42,May 2003,Enforcement of Education Ordinance on Universal Basic Education,https://web.archive.org/web/20220307204024/https://ofomb.ombudsman.hk/abc/files/5-2003-1.pdf,Report (PDF),https://web.archive.org/web/20040612221607/http://www.ombudsman.gov.hk/english/06_direct_investigation/doc_07/2003_05_01.doc,Summary (Word),,,2003年5月,根據《教育條例》推行普及基礎教育的情況,https://web.archive.org/web/20110522141347/http://www.ombudsman.gov.hk/tc/concluded/2003_05_01.doc,摘要 (Word),,,2003年5月,根据《教育条例》推行普及基础教育的情况,https://web.archive.org/web/20110522051731/http://www.ombudsman.gov.hk/sc/concluded/2003_05_01.doc,摘要 (Word),,
41,March 2003,Role of Home Affairs Department in Facilitating the Formation of Owners' Corporations,https://web.archive.org/web/20220307204014/https://ofomb.ombudsman.hk/abc/files/3-2003-1.pdf,Report (PDF),https://web.archive.org/web/20040107105406/http://www.ombudsman.gov.hk/english/06_direct_investigation/doc_07/2003_03_01.doc,Summary (Word),,,2003年3月,民政事務總署在協助成立業主立案法團方面所擔當的角色,https://web.archive.org/web/20110522141111/http://www.ombudsman.gov.hk/tc/concluded/2003_03_01.doc,摘要 (Word),,,2003年3月,民政事务总署在协助成立业主立案法团方面所担当的角色,https://web.archive.org/web/20110522051832/http://www.ombudsman.gov.hk/sc/concluded/2003_03_01.doc,摘要 (Word),,
40,February 2003,Monitoring of Charitable Fund-Raising Activities,https://web.archive.org/web/20220307204010/https://ofomb.ombudsman.hk/abc/files/2-2003-1.pdf,Report (PDF),https://web.archive.org/web/20040806141348/http://www.ombudsman.gov.hk/english/06_direct_investigation/doc_07/2003_02_01.doc,Summary (Word),,,2003年2月,監管慈善籌款活動的安排,https://web.archive.org/web/20110522142441/http://www.ombudsman.gov.hk/tc/concluded/2003_02_01.doc,摘要 (Word),,,2003年2月,监管慈善筹款活动的安排,https://web.archive.org/web/20110522051705/http://www.ombudsman.gov.hk/sc/concluded/2003_02_01.doc,摘要 (Word),,
39,November 2002,Mechanism for Handling Missing Patients in HA Hospitals,https://web.archive.org/web/20220307204043/https://ofomb.ombudsman.hk/abc/files/11-2002-1.pdf,Report (PDF),https://web.archive.org/web/20040107085805/http://www.ombudsman.gov.hk/english/06_direct_investigation/doc_07/2002_11_01.doc,Summary (Word),,,2002年11月,醫院管理局轄下醫院處理病人失蹤的機制,https://web.archive.org/web/20110522141103/http://www.ombudsman.gov.hk/tc/concluded/2002_11_01.doc,摘要 (Word),,,2002年11月,医院管理局辖下医院处理病人失踪的机制,https://web.archive.org/web/20110522051615/http://www.ombudsman.gov.hk/sc/concluded/2002_11_01.doc,摘要 (Word),,
38,October 2002,Administration of Vehicle Registration Marks Auction,https://web.archive.org/web/20220307204014/https://ofomb.ombudsman.hk/abc/files/10-2002-1.pdf,Report (PDF),https://web.archive.org/web/20040107164608/http://www.ombudsman.gov.hk/english/06_direct_investigation/doc_07/2002_10_01.doc,Summary (Word),,,2002年10月,拍賣車輛登記號碼的安排,https://web.archive.org/web/20110522142043/http://www.ombudsman.gov.hk/tc/concluded/2002_10_01.doc,摘要 (Word),,,2002年10月,拍卖车辆登记号码的安排,https://web.archive.org/web/20110522051247/http://www.ombudsman.gov.hk/sc/concluded/2002_10_01.doc,摘要 (Word),,
37,August 2002,Funding of Sports Programmes by Hong Kong Sports Development Board,https://web.archive.org/web/20220307203940/https://ofomb.ombudsman.hk/abc/files/8-2002-1.pdf,Report (PDF),https://web.archive.org/web/20040107103454/http://www.ombudsman.gov.hk/english/06_direct_investigation/doc_07/2002_08_01.doc,Summary (Word),,,2002年8月,香港康體發展局資助體育活動的安排,https://web.archive.org/web/20110522142141/http://www.ombudsman.gov.hk/tc/concluded/2002_08_01.doc,摘要 (Word),,,2002年8月,香港康体发展局资助体育活动的安排,https://web.archive.org/web/20110522051339/http://www.ombudsman.gov.hk/sc/concluded/2002_08_01.doc,摘要 (Word),,
36,May 2002,Education Department's Contingency and Relief Measures for the Secondary School Places Allocation Exercise 2001,https://web.archive.org/web/20220307204035/https://ofomb.ombudsman.hk/abc/files/5-2002-1.pdf,Report (PDF),https://web.archive.org/web/20040107160008/http://www.ombudsman.gov.hk/english/06_direct_investigation/doc_07/2002_05_01.doc,Summary (Word),,,2002年5月,教育署為分配二零零一年中學學位而作出的應變及紓緩措施,https://web.archive.org/web/20110522141524/http://www.ombudsman.gov.hk/tc/concluded/2002_05_01.doc,摘要 (Word),,,2002年5月,教育署为分配二零零一年中学学位而作出的应变及纾缓措施,https://web.archive.org/web/20110522051650/http://www.ombudsman.gov.hk/sc/concluded/2002_05_01.doc,摘要 (Word),,
34,March 2002,Mechanism for Enforcing the Prohibition of Smoking in No Smoking Areas and Public Transport Carriers,http://ofomb.ombudsman.gov.hk/doc/3-2002-4.pdf,Report (PDF),https://web.archive.org/web/20040107114034/http://www.ombudsman.gov.hk/english/06_direct_investigation/doc_07/2002_03_03.doc,Summary (Word),,,2002年3月,在禁煙區及公共交通工具上執行禁止吸煙法例的機制,https://web.archive.org/web/20110522141120/http://www.ombudsman.gov.hk/tc/concluded/2002_03_03.doc,摘要 (Word),,,2002年3月,在禁烟区及公交上运行禁止抽烟法例的机制,https://web.archive.org/web/20110522051422/http://www.ombudsman.gov.hk/sc/concluded/2002_03_03.doc,摘要 (Word),,
35,March 2002,Administration of Public Examinations,http://ofomb.ombudsman.gov.hk/doc/3-2002-1.pdf,Report (PDF),https://web.archive.org/web/20040107134918/http://www.ombudsman.gov.hk/english/06_direct_investigation/doc_07/2002_03_02.doc,Summary (Word),,,2002年3月,公開考試安排,https://web.archive.org/web/20110522142258/http://www.ombudsman.gov.hk/tc/concluded/2002_03_02.doc,摘要 (Word),,,2002年3月,公开考试安排,https://web.archive.org/web/20110522051307/http://www.ombudsman.gov.hk/sc/concluded/2002_03_02.doc,摘要 (Word),,
33,March 2002,Management of Construction Projects by the Housing Authority and the Housing Department,http://ofomb.ombudsman.gov.hk/doc/3-2002-3.pdf,Report (PDF),https://web.archive.org/web/20040107130232/http://www.ombudsman.gov.hk/english/06_direct_investigation/doc_07/2002_03_01.doc,Summary (Word),,,2002年3月,房屋委員會及房屋署管理建築工程事宜,https://web.archive.org/web/20110522141228/http://www.ombudsman.gov.hk/tc/concluded/2002_03_01.doc,摘要 (Word),,,2002年3月,房屋委员会及房屋署管理建筑工程事宜,https://web.archive.org/web/20110522051725/http://www.ombudsman.gov.hk/sc/concluded/2002_03_01.doc,摘要 (Word),,
32,June 2001,Procedures for Handling Travellers Suspected of Using False or Otherwise Suspect Travel Documents,http://ofomb.ombudsman.gov.hk/doc/6-2001-2.pdf,Report (PDF),https://web.archive.org/web/20040107155727/http://www.ombudsman.gov.hk/english/06_direct_investigation/doc_07/2001_06_01.doc,Summary (Word),,,2001年6月,旅客涉嫌使用偽造或其他可疑旅行證件事宜的處理程序,https://web.archive.org/web/20110522141312/http://www.ombudsman.gov.hk/tc/concluded/2001_06_01.doc,摘要 (Word),,,2001年6月,旅客涉嫌使用伪造或其他可疑旅行证件事宜的处理程序,https://web.archive.org/web/20110522051240/http://www.ombudsman.gov.hk/sc/concluded/2001_06_01.doc,摘要 (Word),,
31,April 2001,"Procedures for Immigration Control of Persons who present themselves, are found or returned to Immigration Check Points without Proof of Identity",http://ofomb.ombudsman.gov.hk/doc/4-2001-1.pdf,Report (PDF),https://web.archive.org/web/20040107084324/http://www.ombudsman.gov.hk/english/06_direct_investigation/doc_07/2001_04_01.doc,Summary (Word),,,2001年4月,沒有持身分證明文件而擬出／入境、或在出入境管制站被發現或被遣返香港的人出入境的管制程序,https://web.archive.org/web/20110522141336/http://www.ombudsman.gov.hk/tc/concluded/2001_04_01.doc,摘要 (Word),,,2001年4月,没有持身分证明文档而拟出／入境、或在出入境管制站被发现或被遣返香港的人出入境的管制程序,https://web.archive.org/web/20110522051436/http://www.ombudsman.gov.hk/sc/concluded/2001_04_01.doc,摘要 (Word),,
30,January 2001,Management of Government Crematoria,http://ofomb.ombudsman.gov.hk/doc/1-2001-1.pdf,Report (PDF),https://web.archive.org/web/20040806122037/http://www.ombudsman.gov.hk/english/06_direct_investigation/doc_07/2001_01_01.doc,Summary (Word),,,2001年1月,政府火葬場的管理的,https://web.archive.org/web/20110522141622/http://www.ombudsman.gov.hk/tc/concluded/2001_01_01.doc,摘要 (Word),,,2001年1月,政府火葬场的管理的,https://web.archive.org/web/20110522051940/http://www.ombudsman.gov.hk/sc/concluded/2001_01_01.doc,摘要 (Word),,
29,November 2000,Clearance of Provisional Urban Council Tenants and Licence Holders affected by Land Development Corporation's Development Projects,http://ofomb.ombudsman.gov.hk/doc/11-2000-1.pdf,Report (PDF),https://web.archive.org/web/20040107101115/http://www.ombudsman.gov.hk/english/06_direct_investigation/doc_07/2000_11_01.doc,Summary (Word),,,2000年11月,受土地發展公司發展計劃影響的臨時市政局設施租戶及檔戶的搬遷安排,https://web.archive.org/web/20110522141154/http://www.ombudsman.gov.hk/tc/concluded/2000_11_01.doc,摘要 (Word),,,2000年11月,受土地发展公司发展计划影响的临时市政局设施租户及档户的搬迁安排,https://web.archive.org/web/20110522051602/http://www.ombudsman.gov.hk/sc/concluded/2000_11_01.doc,摘要 (Word),,
28,September 2000,Selected Issues Concerning the Provision of Retraining Courses by the Employees Retraining Board,http://ofomb.ombudsman.gov.hk/doc/9-2000-1.pdf,Report (PDF),https://web.archive.org/web/20040107151018/http://www.ombudsman.gov.hk/english/06_direct_investigation/doc_07/2000_09_01.doc,Summary (Word),,,2000年9月,僱員再培訓局提供再培訓課程的若干問題,https://web.archive.org/web/20110522141649/http://www.ombudsman.gov.hk/tc/concluded/2000_09_01.doc,摘要 (Word),,,2000年9月,雇员再培训局提供再培训课程的若干问题,https://web.archive.org/web/20110522052002/http://www.ombudsman.gov.hk/sc/concluded/2000_09_01.doc,摘要 (Word),,
27,August 2000,Regulatory Mechanism for Local Travel Agents for Inbound Tours,http://ofomb.ombudsman.gov.hk/doc/7-2000-1.pdf,Report (PDF),https://web.archive.org/web/20040107101642/http://www.ombudsman.gov.hk/english/06_direct_investigation/doc_07/2000_08_01.doc,Summary (Word),,,2000年8月,本地旅行代理商營辦訪港旅行團事宜的監管機制,https://web.archive.org/web/20110522141145/http://www.ombudsman.gov.hk/tc/concluded/2000_08_01.doc,摘要 (Word),,,2000年8月,本地旅行代理商营办访港旅行团事宜的监管机制,https://web.archive.org/web/20110522051644/http://www.ombudsman.gov.hk/sc/concluded/2000_08_01.doc,摘要 (Word),,
26,May 2000,Provision and Management of Private Medical and Dental Clinic Services in Public Housing estates,http://ofomb.ombudsman.gov.hk/doc/5-2000-1.pdf,Report (PDF),https://web.archive.org/web/20040107153935/http://www.ombudsman.gov.hk/english/06_direct_investigation/doc_07/esrpmpmdcsb.doc,Summary (Word),,,2000年5月,公共屋村內私家診所及牙醫診所服務的提供和管理情況,https://web.archive.org/web/20110522141302/http://www.ombudsman.gov.hk/tc/concluded/2000_05_02.doc,摘要 (Word),,,2000年5月,公共屋村内私家诊所及牙医诊所服务的提供和管理情况,https://web.archive.org/web/20091229101905/http://www.ombudsman.gov.hk/sc/concluded/2000_05_02.doc,摘要 (Word),,
25,May 2000,"Regulatory Mechanism for the Import/Export, Storage and Transportation of Used Motor Vehicles/Cycles and Related Spare Parts",http://ofomb.ombudsman.gov.hk/doc/5-2000-2.pdf,Report (PDF),https://web.archive.org/web/20040107113943/http://www.ombudsman.gov.hk/english/06_direct_investigation/doc_07/esrmiesta.doc,Summary (Word),,,2000年5月,二手汽車／電單車及相關零件進出口、貯存及運載事宜的監管機制,https://web.archive.org/web/20110522142315/http://www.ombudsman.gov.hk/tc/concluded/2000_05_01.doc,摘要 (Word),,,2000年5月,二手汽车／电单车及相关零件进出口、贮存及运载事宜的监管机制,https://web.archive.org/web/20110522051719/http://www.ombudsman.gov.hk/sc/concluded/2000_05_01.doc,摘要 (Word),,
24,November 1999,Registration and Inspection of Kindergartens,http://ofomb.ombudsman.gov.hk/doc/11-1999-1.pdf,Report (PDF),https://web.archive.org/web/20110522145727/http://www.ombudsman.gov.hk/concluded/1999_11.doc,Summary (Word),,,1999年11月,幼稚園的註冊及視察,https://web.archive.org/web/20110522145956/http://www.ombudsman.gov.hk/tc/concluded/1999_11_01.doc,摘要 (Word),,,1999年11月,幼稚园的注册及视察,https://web.archive.org/web/20110522081317/http://www.ombudsman.gov.hk/sc/concluded/1999_11_01.doc,摘要 (Word),,
23,January 1999,Issue Pertaining to Imported Pharmaceutical Products,http://ofomb.ombudsman.gov.hk/doc/1-1999-1.pdf,Report (PDF),https://web.archive.org/web/20040107161928/http://www.ombudsman.gov.hk/english/06_direct_investigation/doc_07/1999_01_01.doc,Summary (Word),,,1999年1月,有關進口藥劑製品的事宜,https://web.archive.org/web/20110522145840/http://www.ombudsman.gov.hk/tc/concluded/1999_01_02.doc,摘要 (Word),,,1999年1月,有关进口药剂制品的事宜,https://web.archive.org/web/20110522081333/http://www.ombudsman.gov.hk/sc/concluded/1999_01_02.doc,摘要 (Word),,
22,January 1999,Restaurant Licensing System,http://ofomb.ombudsman.gov.hk/doc/1-1999-2.pdf,Report (PDF),https://web.archive.org/web/20040107105014/http://www.ombudsman.gov.hk/english/06_direct_investigation/doc_07/1999_01_02.doc,Summary (Word),,,1999年1月,食肆發牌制度,https://web.archive.org/web/20110522145939/http://www.ombudsman.gov.hk/tc/concluded/1999_01_03.doc,摘要 (Word),,,1999年1月,饭馆发牌制度,https://web.archive.org/web/20110522081340/http://www.ombudsman.gov.hk/sc/concluded/1999_01_03.doc,摘要 (Word),,
21,January 1999,Commissioning and Operation of New Airport at Chek Lap Kok,http://www.ombudsman.gov.hk/concluded/toc_sum.rtf,Table of contents (RTF),https://web.archive.org/web/20040107115531/http://www.ombudsman.gov.hk/english/06_direct_investigation/doc_07/exe_sum.doc,Summary (Word),http://www.ombudsman.gov.hk/concluded/abb_sum.rtf,Abbreviations (RTF),1999年1月,赤立新機場的籌備啟用及實際運作,https://web.archive.org/web/20110522150049/http://www.ombudsman.gov.hk/tc/concluded/clk_cov.doc,目錄 (Word),https://web.archive.org/web/20110522145853/http://www.ombudsman.gov.hk/tc/concluded/clk_main.doc,摘要 (Word),1999年1月,赤立新机场的筹备启用及实际运作,https://web.archive.org/web/20110522081403/http://www.ombudsman.gov.hk/sc/concluded/clk_cov.doc,目录 (Word),https://web.archive.org/web/20110522081230/http://www.ombudsman.gov.hk/sc/concluded/clk_main.doc,摘要 (Word)
20,January 1999,Registration of Tutorial Schools,http://ofomb.ombudsman.gov.hk/doc/1-1999-3.pdf,Report (PDF),https://web.archive.org/web/20040806130927/http://www.ombudsman.gov.hk/english/06_direct_investigation/doc_07/1999_01.doc,Summary (Word),,,1999年1月,補習學校註冊事宜,https://web.archive.org/web/20110522150036/http://www.ombudsman.gov.hk/tc/concluded/1999_01_01.doc,摘要 (Word),,,1999年1月,补习学校注册事宜,https://web.archive.org/web/20110522081325/http://www.ombudsman.gov.hk/sc/concluded/1999_01_01.doc,摘要 (Word),,
19,December 1998,"Recovery of public rental flats under the Home Ownership Scheme, the Private Sector Participation Scheme and the Home Purchase Loan Scheme by the Housing Department",https://web.archive.org/web/20040107134220/http://www.ombudsman.gov.hk/english/06_direct_investigation/doc_07/1998_12.doc,Summary (Word),,,,,1998年12月,房屋署根據居者有其屋計劃、私人機構參建居屋計劃及自置居所貸款計劃收回租住公屋單位,https://web.archive.org/web/20110522145812/http://www.ombudsman.gov.hk/tc/concluded/1998_12_01.doc,摘要 (Word),,,1998年12月,房屋署根据居者有其屋计划、私人机构参建居屋计划及自置居所贷款计划收回租住公屋单位,https://web.archive.org/web/20110522081301/http://www.ombudsman.gov.hk/sc/concluded/1998_12_01.doc,摘要 (Word),,
18,September 1998,Handling of Trade Documents by Trade Department,https://web.archive.org/web/20040107115045/http://www.ombudsman.gov.hk/english/06_direct_investigation/doc_07/1998_09.doc,Summary (Word),,,,,1998年9月,關於貿易署處理貿易文件事宜,https://web.archive.org/web/20110522150023/http://www.ombudsman.gov.hk/tc/concluded/1998_09_01.doc,摘要 (Word),,,1998年9月,关于贸易署处理贸易文档事宜,https://web.archive.org/web/20110522081356/http://www.ombudsman.gov.hk/sc/concluded/1998_09_01.doc,摘要 (Word),,
17,July 1998,Dispensary Service of the Department of Health,http://ofomb.ombudsman.gov.hk/doc/7-1998-1.pdf,Report (PDF),http://www.ombudsman.gov.hk/concluded/1998_07.zip,Summary (ZIP),,,1998年7月,衛生署轄下藥房的配藥服務,http://ofomb.ombudsman.gov.hk/doc/c7-1998-1.pdf,摘要 (PDF),,,1998年7月,卫生署辖下药房的配药服务,http://ofomb.ombudsman.gov.hk/doc/c7-1998-1.pdf,摘要 (PDF),,
16,June 1998,Charging of Management Fees in Home Ownership Scheme Estates Managed by Housing Department,http://ofomb.ombudsman.gov.hk/doc/6-1998-1.pdf,Report (PDF),,,,,1998年6月,關於房屋署就其管理的居者有其屋計劃屋苑收取管理費事宜,https://web.archive.org/web/20110522150058/http://www.ombudsman.gov.hk/tc/concluded/1998_06_01.doc,摘要 (Word),,,1998年6月,关于房屋署就其管理的居者有其屋计划屋苑收取管理费事宜,https://web.archive.org/web/20110522081255/http://www.ombudsman.gov.hk/sc/concluded/1998_06_01.doc,摘要 (Word),,
15,January 1998,Co-ordination between the Drainage Services Department and Environment Protection Department over the Protection of Public Beaches from being Polluted by Sewage Discharges,http://ofomb.ombudsman.gov.hk/doc/1-1998-1.pdf,Report (PDF),https://web.archive.org/web/20040107174454/http://www.ombudsman.gov.hk/english/06_direct_investigation/doc_07/1998_01.doc,Summary (Word),,,1998年1月,關於渠務署與環境保護署在防止公眾泳灘免受污水污染方面的協調情況,http://ofomb.ombudsman.gov.hk/doc/c1-1998-1.pdf,摘要 (PDF),,,1998年1月,关于渠务署与环境保护署在防止公众泳滩免受污水污染方面的协调情况,http://ofomb.ombudsman.gov.hk/doc/c1-1998-1.pdf,摘要 (PDF),,
14,December 1997,Taxi Licensing System,http://ofomb.ombudsman.gov.hk/doc/12-1997-1.pdf,Report (PDF),https://web.archive.org/web/20040107115838/http://www.ombudsman.gov.hk/english/06_direct_investigation/doc_07/1997_12.doc,Summary (Word),,,1997年12月,的士發牌制度,https://web.archive.org/web/20110522145828/http://www.ombudsman.gov.hk/tc/concluded/1997_12_01.doc,摘要 (Word),,,1997年12月,计程车发牌制度,https://web.archive.org/web/20110522081310/http://www.ombudsman.gov.hk/sc/concluded/1997_12_01.doc,摘要 (Word),,
13,October 1997,Issue and Sale of Special Stamps and Philatelic Products,http://ofomb.ombudsman.gov.hk/doc/10-1997-1.pdf,Report (PDF),https://web.archive.org/web/20040107165055/http://www.ombudsman.gov.hk/english/06_direct_investigation/doc_07/1997_10.doc,Summary (Word),,,1997年10月,發售特別郵票及具集郵價值物品,https://web.archive.org/web/20110522145759/http://www.ombudsman.gov.hk/tc/concluded/1997_10_01.doc,摘要 (Word),,,1997年10月,发售特别邮票及具集邮价值物品,https://web.archive.org/web/20110522081411/http://www.ombudsman.gov.hk/sc/concluded/1997_10_01.doc,摘要 (Word),,
12,September 1997,Arrangement for the Closure of Schools due to Heavy Persistent Rain,https://web.archive.org/web/20040107115551/http://www.ombudsman.gov.hk/english/06_direct_investigation/doc_07/1997_09.doc,Summary (Word),,,,,1997年9月,因豪雨持續降下而作出的學校停課安排,https://web.archive.org/web/20110522150110/http://www.ombudsman.gov.hk/tc/concluded/1997_09_01.doc,摘要 (Word),,,1997年9月,因豪雨持续降下而作出的学校停课安排,https://web.archive.org/web/20110522081247/http://www.ombudsman.gov.hk/sc/concluded/1997_09_01.doc,摘要 (Word),,
11,August 1997,Fisheries Development Loan Fund Administered by the Agriculture and Fisheries Department,https://web.archive.org/web/20040806125947/http://www.ombudsman.gov.hk/english/06_direct_investigation/doc_07/1997_08.doc,Summary (Word),,,,,1997年8月,漁業發展貸款基金,https://web.archive.org/web/20110522150011/http://www.ombudsman.gov.hk/tc/concluded/1997_08_01.doc,摘要 (Word),,,1997年8月,渔业发展贷款基金,https://web.archive.org/web/20110522081224/http://www.ombudsman.gov.hk/sc/concluded/1997_08_01.doc,摘要 (Word),,
10,June 1997,Government Telephone Enquiry Hotline Services,,,,,,,1997年6月,政府部門電話查詢「熱線」服務,,,,,1997年6月,政府部门电话搜索「热线」服务,,,,
9,April 1997,Complaint against the Education Department for Delay in Processing a Student’s Application to Attend a Hearing-impaired Class,https://web.archive.org/web/20040806135946/http://www.ombudsman.gov.hk/english/06_direct_investigation/doc_07/1997_04.doc,Summary (Word),,,,,1997年4月,延誤辦理一名弱聽學童要求入讀特殊學校的申請,https://web.archive.org/web/20110522145928/http://www.ombudsman.gov.hk/tc/concluded/1997_04_01.doc,摘要 (Word),,,1997年4月,延误办理一名弱听学童要求入读特殊学校的申请,https://web.archive.org/web/20110522081349/http://www.ombudsman.gov.hk/sc/concluded/1997_04_01.doc,摘要 (Word),,
8,January 1997,Selected Issues on General Out-patient Service in Public Clinics and Hospitals,http://ofomb.ombudsman.gov.hk/doc/1-1997-1.pdf,Report (PDF),,,,,1997年1月,若干有關診療所及公營醫院普通科門診服務方面的問題,http://ofomb.ombudsman.gov.hk/doc/c1-1997-1.pdf,摘要 (PDF),,,1997年1月,若干有关诊疗所及公营医院普通科门诊服务方面的问题,http://ofomb.ombudsman.gov.hk/doc/c1-1997-1.pdf,摘要 (PDF),,
7,January 1997,Co-ordination between Social Welfare Department and Housing Department in Processing Application for Housing Transfer on Social Grounds,,,,,,,1997年1月,社會福利署與房屋署在處理公屋住戶以生活上的理由提出調遷申請方面的協調問題,,,,,1997年1月,社会福利署与房屋署在处理公屋住户以生活上的理由提出调迁申请方面的协调问题,,,,
6,September 1996,Problem of Water Main Bursts,http://ofomb.ombudsman.gov.hk/doc/9-1996-1.pdf,Report (PDF),,,,,1996年9月,水管爆裂問題,http://ofomb.ombudsman.gov.hk/doc/c9-1996-1.pdf,摘要 (PDF),,,1996年9月,水管爆裂问题,http://ofomb.ombudsman.gov.hk/doc/c9-1996-1.pdf,摘要 (PDF),,
5,July 1996,Provision of EVA and FSI for Public and Private Building Developments,http://ofomb.ombudsman.gov.hk/doc/7-1996-1.pdf,Report (PDF),,,,,1996年7月,公共及私人建築物緊急車輛通道及消防裝置,http://ofomb.ombudsman.gov.hk/doc/c7-1996-1.pdf,摘要 (PDF),,,1996年7月,公共及私人建筑物紧急车辆通道及消防装置,http://ofomb.ombudsman.gov.hk/doc/c7-1996-1.pdf,摘要 (PDF),,
4,February 1996,Unauthorized Building Works in New Territories Exempted Houses,http://ofomb.ombudsman.gov.hk/doc/2-1996-1.pdf,Report (PDF),,,,,1996年2月,新界豁免管制屋宇違例建築工程,http://ofomb.ombudsman.gov.hk/doc/c2-1996-1.pdf,摘要 (PDF),,,1996年2月,新界豁免管制屋宇违例建筑工程,http://ofomb.ombudsman.gov.hk/doc/c2-1996-1.pdf,摘要 (PDF),,
3,December 1995,Accommodation for Foreign Domestic Helpers,,,,,,,1995年12月,外地家庭傭工住宿安排,,,,,1995年12月,外地家庭佣工住宿安排,,,,
2,August 1995,Overcrowding Relief in Public Housing,http://ofomb.ombudsman.gov.hk/doc/8-1995-1.pdf,Report (PDF),,,,,1995年8月,紓緩公共房屋擠迫居住環境的安排,http://ofomb.ombudsman.gov.hk/doc/c8-1995-1.pdf,摘要 (PDF),,,1995年8月,纾缓公共房屋挤迫居住环境的安排,http://ofomb.ombudsman.gov.hk/doc/c8-1995-1.pdf,摘要 (PDF),,
1,April 1995,Unauthorised Building Works (UBW),http://ofomb.ombudsman.gov.hk/doc/4-1995-1.pdf,Report (PDF),,,,,1995年4月,違例建築工程,http://ofomb.ombudsman.gov.hk/doc/c4-1995-1.pdf,摘要 (PDF),,,1995年4月,违例建筑工程,http://ofomb.ombudsman.gov.hk/doc/c4-1995-1.pdf,摘要 (PDF),,
